<application>
  <component name="FileTypeManager" version="19">
    <ignoreFiles list="!marqeta01;!mq01-dev;!mq01-prod;!mq01-qa;!mq01-shared-infra;!mq02-eu-prod;!mq02-eu-qa;!mq02-prod;*.pyc;*.pyo;*.rbc;*.snap;*.yarb;*~;.DS_Store;.git;.gitignore;.hg;.idea;.mypy_cache;.polynator-template-version;.pytest_cache;.ruff_cache;.svn;.terraform;.terraform-docs.yml;.terraform.lock.hcl;CVS;__pycache__;_svn;marqetacorp;mq-developer;mq-network;mq-risk;mq-security-logging;mq-security-production;mq-security-sandbox;mq01-shared;mq02-dev;mq02-eu-dev;mq02-qa;mq02-staging;tfplan;vssver.scc;vssver2.scc" />
    <extensionMap>
      <mapping pattern="Makefile" type="AUTO_DETECTED" />
      <mapping pattern="PLACEHOLDER" type="AUTO_DETECTED" />
      <mapping ext="main.kts" type="Kotlin" />
      <mapping ext="gradle.kts" type="Kotlin" />
      <mapping ext="space.kts" type="Kotlin" />
      <mapping pattern="jcard-maker" type="PLAIN_TEXT" />
      <mapping pattern=".terraform-version" type="PLAIN_TEXT" />
      <mapping ext="tftpl" type="PLAIN_TEXT" />
      <mapping ext="cron" type="PLAIN_TEXT" />
      <mapping pattern="*.sh.tpl" type="Shell Script" />
      <removed_mapping ext="apk" approved="true" type="ARCHIVE" />
      <removed_mapping ext="csv" approved="true" type="CSV file" />
      <removed_mapping ext="psd" approved="true" type="Image" />
      <removed_mapping ext="service" approved="true" type="PLAIN_TEXT" />
      <mapping ext="ddl" type="OdpsQL" />
      <mapping ext="odpsql" type="OdpsQL" />
      <mapping ext="q" type="OdpsQL" />
      <mapping ext="sql" type="OdpsQL" />
    </extensionMap>
  </component>
</application>