<application>
  <component name="CachedDictionaryState">
    <words>
      <w>anager</w>
      <w>arameter</w>
      <w>cdtf</w>
      <w>colordiffrc</w>
      <w>defs</w>
      <w>downcase</w>
      <w>drwxr</w>
      <w>dups</w>
      <w>ecrets</w>
      <w>elete</w>
      <w>erra</w>
      <w>gxcxbxexfxegedabagaced</w>
      <w>histfile</w>
      <w>histsize</w>
      <w>jasonzhao</w>
      <w>jcurl</w>
      <w>maxdepth</w>
      <w>mkprod</w>
      <w>namespaced</w>
      <w>nbind</w>
      <w>oasg</w>
      <w>oecc</w>
      <w>ormat</w>
      <w>ownload</w>
      <w>pasteboards</w>
      <w>pbcopy</w>
      <w>pbpaste</w>
      <w>pcregrep</w>
      <w>pload</w>
      <w>printenv</w>
      <w>rwxr</w>
      <w>savehist</w>
      <w>snapshotted</w>
      <w>talias</w>
      <w>terraformrc</w>
      <w>tfaa</w>
      <w>tfcc</w>
      <w>tfim</w>
      <w>tfir</w>
      <w>tfiu</w>
      <w>threadlist</w>
      <w>umbers</w>
      <w>untaint</w>
      <w>upcase</w>
      <w>useast</w>
      <w>vimari</w>
      <w>vimium</w>
      <w>yzhao</w>
      <w>zprod</w>
      <w>zshaddhistory</w>
    </words>
  </component>
</application>