<keymap version="1" name="Sublime Text (macOS) copy" parent="Sublime Text (Mac OS X)">
  <action id="$Redo">
    <keyboard-shortcut first-keystroke="shift meta z" />
  </action>
  <action id="ActivateBookmarksToolWindow" />
  <action id="ActivateCommitToolWindow" />
  <action id="ActivateCoverageToolWindow">
    <keyboard-shortcut first-keystroke="meta period" />
  </action>
  <action id="ActivateDebugToolWindow" />
  <action id="ActivateFavoritesToolWindow" />
  <action id="ActivateFindToolWindow">
    <keyboard-shortcut first-keystroke="meta semicolon" />
  </action>
  <action id="ActivateProblemsViewToolWindow" />
  <action id="ActivateProjectToolWindow">
    <keyboard-shortcut first-keystroke="meta quote" />
  </action>
  <action id="ActivateRunToolWindow" />
  <action id="ActivateServicesToolWindow" />
  <action id="ActivateStructureToolWindow" />
  <action id="ActivateTerminalToolWindow">
    <keyboard-shortcut first-keystroke="alt f12" />
    <keyboard-shortcut first-keystroke="shift meta semicolon" />
  </action>
  <action id="ActivateVersionControlToolWindow" />
  <action id="Adtui.ZoomToActualAction">
    <keyboard-shortcut first-keystroke="meta numpad0" />
  </action>
  <action id="Annotate">
    <keyboard-shortcut first-keystroke="meta y" />
  </action>
  <action id="Arrangement.Alias.Rule.Match.Condition.Move.Down" />
  <action id="Arrangement.Rule.Group.Condition.Move.Down" />
  <action id="Arrangement.Rule.Group.Condition.Move.Up" />
  <action id="Arrangement.Rule.Match.Condition.Move.Down" />
  <action id="Arrangement.Rule.Match.Condition.Move.Up" />
  <action id="Back">
    <mouse-shortcut keystroke="button4" />
  </action>
  <action id="ChangesView.GroupBy.Module" />
  <action id="ChangesView.Move" />
  <action id="ChangesView.SetDefault" />
  <action id="ChangesView.ShelveSilently" />
  <action id="ChangesView.UnshelveSilently" />
  <action id="ClassNameCompletion" />
  <action id="CloseAllEditors">
    <keyboard-shortcut first-keystroke="ctrl meta alt w" />
  </action>
  <action id="CloseAllEditorsButActive">
    <keyboard-shortcut first-keystroke="ctrl meta w" />
  </action>
  <action id="CloseAllToTheLeft">
    <keyboard-shortcut first-keystroke="shift ctrl c" />
  </action>
  <action id="CloseAllToTheRight">
    <keyboard-shortcut first-keystroke="ctrl c" />
  </action>
  <action id="CloseProject">
    <keyboard-shortcut first-keystroke="shift meta w" />
  </action>
  <action id="CodeCompletion" />
  <action id="CollapseAllRegions">
    <keyboard-shortcut first-keystroke="meta alt 1" />
  </action>
  <action id="CollapseBlock" />
  <action id="CollapseRegion">
    <keyboard-shortcut first-keystroke="meta alt open_bracket" />
    <keyboard-shortcut first-keystroke="f3" />
    <keyboard-shortcut first-keystroke="alt comma" />
  </action>
  <action id="CollapseRegionRecursively">
    <keyboard-shortcut first-keystroke="meta alt subtract" />
    <keyboard-shortcut first-keystroke="meta alt minus" />
    <keyboard-shortcut first-keystroke="f1" />
    <keyboard-shortcut first-keystroke="alt quote" />
  </action>
  <action id="CollapseSelection" />
  <action id="CommentByBlockComment">
    <keyboard-shortcut first-keystroke="shift meta slash" />
  </action>
  <action id="CommentByLineComment">
    <keyboard-shortcut first-keystroke="meta slash" />
  </action>
  <action id="CompareTwoFiles" />
  <action id="Compile" />
  <action id="CompileFile" />
  <action id="CopyPathFromRepositoryRootProvider">
    <keyboard-shortcut first-keystroke="ctrl meta c" />
  </action>
  <action id="Coverage">
    <keyboard-shortcut first-keystroke="ctrl meta r" />
  </action>
  <action id="Debug">
    <keyboard-shortcut first-keystroke="shift meta r" />
  </action>
  <action id="DebugClass" />
  <action id="Debugger.EditFrameSource" />
  <action id="Diff.NextChange" />
  <action id="Diff.PrevChange" />
  <action id="Diff.ShowDiff" />
  <action id="Documentation.EditSource" />
  <action id="DomCollectionControl.Edit" />
  <action id="DuplicatesForm.SendToLeft" />
  <action id="DuplicatesForm.SendToRight" />
  <action id="EditorCloneCaretAbove">
    <keyboard-shortcut first-keystroke="ctrl h" />
  </action>
  <action id="EditorCloneCaretBelow">
    <keyboard-shortcut first-keystroke="ctrl t" />
  </action>
  <action id="EditorDecreaseFontSize" />
  <action id="EditorDecreaseFontSizeGlobal">
    <keyboard-shortcut first-keystroke="shift ctrl comma" />
    <keyboard-shortcut first-keystroke="meta minus" />
  </action>
  <action id="EditorDeleteLine">
    <keyboard-shortcut first-keystroke="shift ctrl k" />
    <keyboard-shortcut first-keystroke="ctrl d" />
  </action>
  <action id="EditorDeleteToLineEnd" />
  <action id="EditorDeleteToLineStart">
    <keyboard-shortcut first-keystroke="meta back_space" />
  </action>
  <action id="EditorDown">
    <keyboard-shortcut first-keystroke="down" />
  </action>
  <action id="EditorDuplicate" />
  <action id="EditorDuplicateLines">
    <keyboard-shortcut first-keystroke="meta d" />
  </action>
  <action id="EditorIncreaseFontSize" />
  <action id="EditorIncreaseFontSizeGlobal">
    <keyboard-shortcut first-keystroke="shift ctrl period" />
    <keyboard-shortcut first-keystroke="meta equals" />
  </action>
  <action id="EditorLeft">
    <keyboard-shortcut first-keystroke="left" />
  </action>
  <action id="EditorMatchBrace">
    <keyboard-shortcut first-keystroke="ctrl meta b" />
  </action>
  <action id="EditorPageDown">
    <keyboard-shortcut first-keystroke="page_down" />
  </action>
  <action id="EditorRight">
    <keyboard-shortcut first-keystroke="right" />
  </action>
  <action id="EditorScrollToCenter" />
  <action id="EditorSelectLine">
    <keyboard-shortcut first-keystroke="shift meta l" />
  </action>
  <action id="EditorSelectWord">
    <keyboard-shortcut first-keystroke="shift meta a" />
    <keyboard-shortcut first-keystroke="shift meta j" />
    <keyboard-shortcut first-keystroke="shift meta space" />
    <keyboard-shortcut first-keystroke="meta b" />
  </action>
  <action id="EditorSortLines">
    <keyboard-shortcut first-keystroke="f5" />
    <keyboard-shortcut first-keystroke="alt a" />
  </action>
  <action id="EditorTextEndWithSelection">
    <keyboard-shortcut first-keystroke="shift meta end" />
    <keyboard-shortcut first-keystroke="shift meta down" />
  </action>
  <action id="EditorTextStartWithSelection">
    <keyboard-shortcut first-keystroke="shift meta home" />
    <keyboard-shortcut first-keystroke="shift meta up" />
  </action>
  <action id="EditorToggleCase">
    <keyboard-shortcut first-keystroke="ctrl g" />
  </action>
  <action id="EditorToggleColumnMode">
    <keyboard-shortcut first-keystroke="shift meta 8" />
    <keyboard-shortcut first-keystroke="ctrl m" />
  </action>
  <action id="EditorToggleUseSoftWraps">
    <keyboard-shortcut first-keystroke="meta alt w" />
  </action>
  <action id="EditorUnSelectWord">
    <keyboard-shortcut first-keystroke="shift meta b" />
  </action>
  <action id="ExpandAllRegions">
    <keyboard-shortcut first-keystroke="meta alt 0" />
    <keyboard-shortcut first-keystroke="meta alt slash" />
    <keyboard-shortcut first-keystroke="meta alt back_quote" />
  </action>
  <action id="ExpandAllToLevel1">
    <keyboard-shortcut first-keystroke="meta alt multiply" second-keystroke="1" />
    <keyboard-shortcut first-keystroke="meta alt multiply" second-keystroke="numpad1" />
    <keyboard-shortcut first-keystroke="meta alt 2" />
  </action>
  <action id="ExpandAllToLevel2">
    <keyboard-shortcut first-keystroke="meta alt multiply" second-keystroke="2" />
    <keyboard-shortcut first-keystroke="meta alt multiply" second-keystroke="numpad2" />
    <keyboard-shortcut first-keystroke="meta alt 3" />
  </action>
  <action id="ExpandAllToLevel3">
    <keyboard-shortcut first-keystroke="meta alt multiply" second-keystroke="3" />
    <keyboard-shortcut first-keystroke="meta alt multiply" second-keystroke="numpad3" />
    <keyboard-shortcut first-keystroke="meta alt 4" />
  </action>
  <action id="ExpandAllToLevel4">
    <keyboard-shortcut first-keystroke="meta alt multiply" second-keystroke="4" />
    <keyboard-shortcut first-keystroke="meta alt multiply" second-keystroke="numpad4" />
    <keyboard-shortcut first-keystroke="meta alt 5" />
  </action>
  <action id="ExpandAllToLevel5">
    <keyboard-shortcut first-keystroke="meta alt multiply" second-keystroke="5" />
    <keyboard-shortcut first-keystroke="meta alt multiply" second-keystroke="numpad5" />
    <keyboard-shortcut first-keystroke="meta alt 6" />
  </action>
  <action id="ExpandRegion">
    <keyboard-shortcut first-keystroke="meta alt close_bracket" />
    <keyboard-shortcut first-keystroke="f4" />
    <keyboard-shortcut first-keystroke="alt period" />
  </action>
  <action id="ExpandRegionRecursively">
    <keyboard-shortcut first-keystroke="meta alt add" />
    <keyboard-shortcut first-keystroke="meta alt equals" />
    <keyboard-shortcut first-keystroke="f6" />
    <keyboard-shortcut first-keystroke="alt p" />
  </action>
  <action id="ExternalJavaDoc" />
  <action id="ExternalSystem.OpenConfig" />
  <action id="ExternalSystem.ProjectRefreshAction" />
  <action id="FileChooser.GotoDesktop" />
  <action id="FileChooser.GotoHome" />
  <action id="FileChooser.GotoModule" />
  <action id="FileChooser.GotoProject" />
  <action id="FileChooser.TogglePathBar" />
  <action id="FileChooser.TogglePathShowing" />
  <action id="FileStructurePopup">
    <keyboard-shortcut first-keystroke="shift meta t" />
  </action>
  <action id="FindNext">
    <keyboard-shortcut first-keystroke="meta g" />
  </action>
  <action id="FindPrevWordAtCaret">
    <keyboard-shortcut first-keystroke="shift meta e" />
  </action>
  <action id="FindUsages">
    <keyboard-shortcut first-keystroke="alt f7" />
    <keyboard-shortcut first-keystroke="shift meta u" />
  </action>
  <action id="FindWordAtCaret">
    <keyboard-shortcut first-keystroke="meta alt g" />
    <keyboard-shortcut first-keystroke="meta e" />
  </action>
  <action id="Forward">
    <mouse-shortcut keystroke="button5" />
  </action>
  <action id="Generate">
    <keyboard-shortcut first-keystroke="shift ctrl equals" />
  </action>
  <action id="Git.New.Branch.In.Log" />
  <action id="Git.ResolveConflicts">
    <keyboard-shortcut first-keystroke="shift meta y" />
  </action>
  <action id="GitNewBranchAction" />
  <action id="Github.Open.In.Browser">
    <keyboard-shortcut first-keystroke="alt o" />
  </action>
  <action id="Github.PullRequest.Comments.Reload" />
  <action id="Github.PullRequest.Details.Reload" />
  <action id="GoToLastTab">
    <keyboard-shortcut first-keystroke="meta 9" />
  </action>
  <action id="GoToTab1">
    <keyboard-shortcut first-keystroke="meta 1" />
  </action>
  <action id="GoToTab2">
    <keyboard-shortcut first-keystroke="meta 2" />
  </action>
  <action id="GoToTab3">
    <keyboard-shortcut first-keystroke="meta 3" />
  </action>
  <action id="GoToTab4">
    <keyboard-shortcut first-keystroke="meta 4" />
  </action>
  <action id="GoToTab5">
    <keyboard-shortcut first-keystroke="meta 5" />
  </action>
  <action id="GoToTab6">
    <keyboard-shortcut first-keystroke="meta 6" />
  </action>
  <action id="GoToTab7">
    <keyboard-shortcut first-keystroke="meta 7" />
  </action>
  <action id="GoToTab8">
    <keyboard-shortcut first-keystroke="meta 8" />
  </action>
  <action id="GotoAction">
    <keyboard-shortcut first-keystroke="shift meta p" />
    <keyboard-shortcut first-keystroke="meta k" />
  </action>
  <action id="GotoDeclaration">
    <keyboard-shortcut first-keystroke="f12" />
    <keyboard-shortcut first-keystroke="meta alt down" />
    <mouse-shortcut keystroke="button2" />
    <mouse-shortcut keystroke="shift meta button1" />
    <keyboard-shortcut first-keystroke="meta u" />
  </action>
  <action id="GotoFile">
    <keyboard-shortcut first-keystroke="meta t" />
  </action>
  <action id="GotoImplementation">
    <keyboard-shortcut first-keystroke="meta alt b" />
    <keyboard-shortcut first-keystroke="meta i" />
  </action>
  <action id="GotoLine">
    <keyboard-shortcut first-keystroke="meta l" />
  </action>
  <action id="GotoNextBookmark">
    <keyboard-shortcut first-keystroke="f2" />
    <keyboard-shortcut first-keystroke="alt escape" />
  </action>
  <action id="GotoNextError">
    <keyboard-shortcut first-keystroke="ctrl n" />
  </action>
  <action id="GotoPreviousBookmark">
    <keyboard-shortcut first-keystroke="shift f2" />
    <keyboard-shortcut first-keystroke="shift alt escape" />
  </action>
  <action id="GotoPreviousError">
    <keyboard-shortcut first-keystroke="shift ctrl n" />
  </action>
  <action id="GotoSuperMethod" />
  <action id="GotoSymbol" />
  <action id="HideActiveWindow" />
  <action id="HideAllWindows">
    <keyboard-shortcut first-keystroke="shift meta f12" />
    <keyboard-shortcut first-keystroke="shift escape" />
  </action>
  <action id="HippieBackwardCompletion">
    <keyboard-shortcut first-keystroke="shift meta escape" />
  </action>
  <action id="HippieCompletion">
    <keyboard-shortcut first-keystroke="meta escape" />
  </action>
  <action id="Images.Editor.ToggleGrid" />
  <action id="IncrementalSearch" />
  <action id="Inline" />
  <action id="JumpToLastChange">
    <keyboard-shortcut first-keystroke="shift meta back_space" />
    <keyboard-shortcut first-keystroke="ctrl z" />
  </action>
  <action id="JumpToNextChange">
    <keyboard-shortcut first-keystroke="shift ctrl z" />
  </action>
  <action id="Kotlin.RunScratch" />
  <action id="List-scrollDown">
    <keyboard-shortcut first-keystroke="page_down" />
  </action>
  <action id="List-selectPreviousColumn">
    <keyboard-shortcut first-keystroke="left" />
  </action>
  <action id="ManageRecentProjects">
    <keyboard-shortcut first-keystroke="meta o" />
  </action>
  <action id="MethodOverloadSwitchDown" />
  <action id="MethodOverloadSwitchUp" />
  <action id="MoveStatementDown">
    <keyboard-shortcut first-keystroke="shift ctrl meta down" />
  </action>
  <action id="MoveStatementUp">
    <keyboard-shortcut first-keystroke="shift ctrl meta up" />
  </action>
  <action id="NavBar-navigate" />
  <action id="NavBar-selectLeft">
    <keyboard-shortcut first-keystroke="left" />
  </action>
  <action id="NewScratchFile">
    <keyboard-shortcut first-keystroke="meta alt n" />
  </action>
  <action id="NextEditorTab" />
  <action id="NextProjectWindow" />
  <action id="NextSplitter" />
  <action id="NextTab">
    <keyboard-shortcut first-keystroke="meta alt right" />
    <keyboard-shortcut first-keystroke="ctrl page_down" />
  </action>
  <action id="OpenBookmarkGroup" />
  <action id="OpenFile" />
  <action id="OpenModuleSettings" />
  <action id="PCNavigateToSource" />
  <action id="PackageFile" />
  <action id="PasteMultiple">
    <keyboard-shortcut first-keystroke="meta alt v" />
  </action>
  <action id="PopupMenu-selectNext">
    <keyboard-shortcut first-keystroke="down" />
  </action>
  <action id="PrevSplitter" />
  <action id="PreviousEditorTab" />
  <action id="PreviousTab">
    <keyboard-shortcut first-keystroke="meta alt left" />
    <keyboard-shortcut first-keystroke="ctrl page_up" />
  </action>
  <action id="ProblemsView.QuickFixes" />
  <action id="ProjectViewEditSource" />
  <action id="RecentFiles" />
  <action id="RecentLocations">
    <keyboard-shortcut first-keystroke="ctrl l" />
  </action>
  <action id="Refactorings.QuickListPopupAction" />
  <action id="Refresh" />
  <action id="RenameElement">
    <keyboard-shortcut first-keystroke="shift f6" />
    <keyboard-shortcut first-keystroke="ctrl r" />
  </action>
  <action id="RenameFile">
    <keyboard-shortcut first-keystroke="shift ctrl r" />
  </action>
  <action id="ReopenClosedTab" />
  <action id="Replace">
    <keyboard-shortcut first-keystroke="ctrl meta f" />
  </action>
  <action id="ReplaceInPath">
    <keyboard-shortcut first-keystroke="shift ctrl meta f" />
  </action>
  <action id="Rerun" />
  <action id="RerunTests">
    <keyboard-shortcut first-keystroke="shift alt r" />
  </action>
  <action id="ResetToMySettings">
    <keyboard-shortcut first-keystroke="shift alt o" />
  </action>
  <action id="ResourceExplorer.show" />
  <action id="Resume">
    <keyboard-shortcut first-keystroke="alt i" />
  </action>
  <action id="Run">
    <keyboard-shortcut first-keystroke="meta r" />
  </action>
  <action id="RunDashboard.Debug" />
  <action id="Scala.Desugar" />
  <action id="Scala.RunConsole" />
  <action id="Scala.ShowImplicits">
    <keyboard-shortcut first-keystroke="shift ctrl alt equals" />
    <keyboard-shortcut first-keystroke="shift ctrl alt add" />
  </action>
  <action id="Scratch.ShowFilesPopup">
    <keyboard-shortcut first-keystroke="shift meta n" />
  </action>
  <action id="SelectAllOccurrences">
    <keyboard-shortcut first-keystroke="ctrl v" />
  </action>
  <action id="SelectInProjectView">
    <keyboard-shortcut first-keystroke="meta period" />
  </action>
  <action id="SelectNextOccurrence">
    <keyboard-shortcut first-keystroke="ctrl w" />
  </action>
  <action id="SelectVirtualTemplateElement" />
  <action id="SendEOF" />
  <action id="ServiceView.ShowServices" />
  <action id="SetShortcutAction" />
  <action id="ShelveChanges.UnshelveWithDialog" />
  <action id="ShowBookmarks">
    <keyboard-shortcut first-keystroke="shift meta f2" />
    <keyboard-shortcut first-keystroke="shift alt tab" />
  </action>
  <action id="ShowContent" />
  <action id="ShowIntentionActions">
    <keyboard-shortcut first-keystroke="ctrl s" />
  </action>
  <action id="ShowProjectStructureSettings" />
  <action id="ShowRecentTests" />
  <action id="ShowReformatFileDialog">
    <keyboard-shortcut first-keystroke="shift meta alt l" />
    <keyboard-shortcut first-keystroke="ctrl f" />
  </action>
  <action id="ShowSearchHistory" />
  <action id="SmartSelect">
    <keyboard-shortcut first-keystroke="shift meta a" />
    <keyboard-shortcut first-keystroke="shift meta j" />
    <keyboard-shortcut first-keystroke="shift meta space" />
    <keyboard-shortcut first-keystroke="meta b" />
  </action>
  <action id="StepInto">
    <keyboard-shortcut first-keystroke="f7" />
    <keyboard-shortcut first-keystroke="alt j" />
  </action>
  <action id="StepOut">
    <keyboard-shortcut first-keystroke="shift f8" />
    <keyboard-shortcut first-keystroke="alt k" />
  </action>
  <action id="StepOver">
    <keyboard-shortcut first-keystroke="f8" />
    <keyboard-shortcut first-keystroke="alt q" />
  </action>
  <action id="Stop">
    <keyboard-shortcut first-keystroke="alt x" />
  </action>
  <action id="Svn.RefreshWorkingCopies" />
  <action id="Switcher" />
  <action id="SwitcherIterateItems" />
  <action id="SwitcherRecentEditedChangedToggleCheckBox" />
  <action id="Synchronize" />
  <action id="Table-scrollDownChangeSelection">
    <keyboard-shortcut first-keystroke="page_down" />
  </action>
  <action id="Terminal.ClearBuffer" />
  <action id="Terminal.NextSplitter" />
  <action id="Terminal.PrevSplitter" />
  <action id="TerminalResetFontSize" />
  <action id="TodoViewGroupByFlattenPackage" />
  <action id="TodoViewGroupByShowModules" />
  <action id="ToggleBookmark">
    <keyboard-shortcut first-keystroke="meta f2" />
    <keyboard-shortcut first-keystroke="alt tab" />
  </action>
  <action id="ToggleDistractionFreeMode" />
  <action id="ToggleFullScreen" />
  <action id="ToggleLineBreakpoint">
    <keyboard-shortcut first-keystroke="meta f8" />
    <keyboard-shortcut first-keystroke="ctrl b" />
  </action>
  <action id="Tree-selectNext">
    <keyboard-shortcut first-keystroke="down" />
  </action>
  <action id="Tree-selectParent">
    <keyboard-shortcut first-keystroke="left" />
  </action>
  <action id="UnselectPreviousOccurrence">
    <keyboard-shortcut first-keystroke="shift ctrl g" />
    <keyboard-shortcut first-keystroke="shift ctrl w" />
  </action>
  <action id="UsageGrouping.DirectoryStructure" />
  <action id="UsageGrouping.FileStructure" />
  <action id="UsageGrouping.Module" />
  <action id="UsageGrouping.UsageType" />
  <action id="UsageView.ShowRecentFindUsages" />
  <action id="Vcs.EditSource" />
  <action id="Vcs.Log.FocusTextFilter" />
  <action id="Vcs.Log.Refresh" />
  <action id="Vcs.MoveChangedLinesToChangelist" />
  <action id="Vcs.Push" />
  <action id="Vcs.ShowMessageHistory" />
  <action id="ViewBreakpoints">
    <keyboard-shortcut first-keystroke="shift meta f8" />
    <keyboard-shortcut first-keystroke="shift ctrl b" />
  </action>
  <action id="XDebugger.AttachToProcess">
    <keyboard-shortcut first-keystroke="shift alt f5" />
    <keyboard-shortcut first-keystroke="shift ctrl meta r" />
  </action>
  <action id="XDebugger.JumpToSource" />
  <action id="XDebugger.MoveWatchDown" />
  <action id="copilot.applyInlaysNextLine">
    <keyboard-shortcut first-keystroke="shift ctrl enter" />
  </action>
  <action id="copilot.applyInlaysNextWord">
    <keyboard-shortcut first-keystroke="ctrl enter" />
  </action>
  <action id="copilot.chat.show">
    <keyboard-shortcut first-keystroke="ctrl minus" />
  </action>
  <action id="copilot.cycleNextInlays">
    <keyboard-shortcut first-keystroke="ctrl close_bracket" />
  </action>
  <action id="copilot.cyclePrevInlays">
    <keyboard-shortcut first-keystroke="ctrl open_bracket" />
  </action>
  <action id="copilot.disableCopilot">
    <keyboard-shortcut first-keystroke="shift ctrl back_slash" />
  </action>
  <action id="copilot.enableCopilot">
    <keyboard-shortcut first-keystroke="ctrl back_slash" />
  </action>
  <action id="copilot.newChatSession">
    <keyboard-shortcut first-keystroke="shift ctrl minus" />
  </action>
  <action id="copilot.requestCompletions">
    <keyboard-shortcut first-keystroke="ctrl equals" />
  </action>
  <action id="org.intellij.plugins.markdown.ui.actions.styling.InsertImageAction" />
  <action id="org.intellij.plugins.markdown.ui.actions.styling.MarkdownCreateLinkAction" />
  <action id="org.intellij.plugins.markdown.ui.actions.styling.ToggleBoldAction" />
  <action id="org.intellij.plugins.markdown.ui.actions.styling.ToggleCodeSpanAction" />
  <action id="org.intellij.plugins.markdown.ui.actions.styling.ToggleItalicAction" />
</keymap>